Accession,Serotype,Collection_Date,Year,Country
EU179860,DENV-1,7/31/05,2005,Brunei
EU179861,DENV-1,7/31/06,2006,Brunei
GQ868637,DENV-1,7/31/00,2000,Cambodia
FJ639669,DENV-1,7/31/00,2000,Cambodia
KF955406,DENV-1,7/31/01,2001,Cambodia
JN819423,DENV-1,7/31/01,2001,Cambodia
FJ639670,DENV-1,7/31/01,2001,Cambodia
FJ639671,DENV-1,7/31/01,2001,Cambodia
FJ639672,DENV-1,7/31/01,2001,Cambodia
FJ639673,DENV-1,7/31/01,2001,Cambodia
FJ639674,DENV-1,7/31/02,2002,Cambodia
OR389008,DENV-1,7/31/03,2003,Cambodia
GQ868618,DENV-1,7/31/03,2003,Cambodia
GQ868619,DENV-1,7/31/03,2003,Cambodia
FJ850069,DENV-1,7/31/03,2003,Cambodia
FJ639675,DENV-1,7/31/03,2003,Cambodia
FJ639676,DENV-1,7/31/03,2003,Cambodia
FJ639677,DENV-1,7/31/03,2003,Cambodia
FJ639678,DENV-1,7/31/03,2003,Cambodia
FJ639679,DENV-1,7/31/03,2003,Cambodia
FJ639680,DENV-1,7/31/03,2003,Cambodia
FJ639681,DENV-1,7/31/03,2003,Cambodia
JQ287664,DENV-1,7/31/04,2004,Cambodia
FJ639682,DENV-1,7/31/04,2004,Cambodia
GU131923,DENV-1,7/31/05,2005,Cambodia
FJ639683,DENV-1,7/31/05,2005,Cambodia
FJ639684,DENV-1,7/31/05,2005,Cambodia
FJ639685,DENV-1,7/31/05,2005,Cambodia
HM631852,DENV-1,7/31/06,2006,Cambodia
HM181936,DENV-1,7/31/06,2006,Cambodia
HM181937,DENV-1,7/31/06,2006,Cambodia
HM181938,DENV-1,7/31/06,2006,Cambodia
HM181939,DENV-1,7/31/06,2006,Cambodia
HM181940,DENV-1,7/31/06,2006,Cambodia
HM181941,DENV-1,7/31/06,2006,Cambodia
HM181942,DENV-1,7/31/06,2006,Cambodia
GU131887,DENV-1,7/31/06,2006,Cambodia
GU131888,DENV-1,7/31/06,2006,Cambodia
GU131889,DENV-1,7/31/06,2006,Cambodia
GU131890,DENV-1,7/31/06,2006,Cambodia
GU131891,DENV-1,7/31/06,2006,Cambodia
GU131892,DENV-1,7/31/06,2006,Cambodia
GU131925,DENV-1,7/31/06,2006,Cambodia
GU131926,DENV-1,7/31/06,2006,Cambodia
GQ868630,DENV-1,7/31/06,2006,Cambodia
GQ868639,DENV-1,7/31/06,2006,Cambodia
FJ744702,DENV-1,7/31/06,2006,Cambodia
FJ639686,DENV-1,7/31/06,2006,Cambodia
FJ639687,DENV-1,7/31/06,2006,Cambodia
KF955444,DENV-1,7/31/07,2007,Cambodia
KF921932,DENV-1,7/31/07,2007,Cambodia
KF921933,DENV-1,7/31/07,2007,Cambodia
JQ287665,DENV-1,7/31/07,2007,Cambodia
HQ624983,DENV-1,7/31/07,2007,Cambodia
HQ624984,DENV-1,7/31/07,2007,Cambodia
HM488255,DENV-1,7/31/07,2007,Cambodia
HM631853,DENV-1,7/31/07,2007,Cambodia
HM181943,DENV-1,7/31/07,2007,Cambodia
HM181944,DENV-1,7/31/07,2007,Cambodia
HM181945,DENV-1,7/31/07,2007,Cambodia
HM181946,DENV-1,7/31/07,2007,Cambodia
HM181947,DENV-1,7/31/07,2007,Cambodia
HM181948,DENV-1,7/31/07,2007,Cambodia
HM181949,DENV-1,7/31/07,2007,Cambodia
HM181950,DENV-1,7/31/07,2007,Cambodia
HM181951,DENV-1,7/31/07,2007,Cambodia
HM181952,DENV-1,7/31/07,2007,Cambodia
HM181953,DENV-1,7/31/07,2007,Cambodia
HM181954,DENV-1,7/31/07,2007,Cambodia
HM181955,DENV-1,7/31/07,2007,Cambodia
HM181956,DENV-1,7/31/07,2007,Cambodia
HM181957,DENV-1,7/31/07,2007,Cambodia
HM181958,DENV-1,7/31/07,2007,Cambodia
HM181959,DENV-1,7/31/07,2007,Cambodia
GU131893,DENV-1,7/31/07,2007,Cambodia
FJ639688,DENV-1,7/31/07,2007,Cambodia
FJ639689,DENV-1,7/31/07,2007,Cambodia
FJ639690,DENV-1,7/31/07,2007,Cambodia
FJ639691,DENV-1,7/31/07,2007,Cambodia
FJ639692,DENV-1,7/31/07,2007,Cambodia
FJ639693,DENV-1,7/31/07,2007,Cambodia
FJ639694,DENV-1,7/31/07,2007,Cambodia
FJ639695,DENV-1,7/31/07,2007,Cambodia
FJ639696,DENV-1,7/31/07,2007,Cambodia
KU509260,DENV-1,7/31/08,2008,Cambodia
JF937651,DENV-1,7/31/08,2008,Cambodia
GU131894,DENV-1,7/31/08,2008,Cambodia
GU131919,DENV-1,7/31/08,2008,Cambodia
GU131920,DENV-1,7/31/08,2008,Cambodia
GU131921,DENV-1,7/31/08,2008,Cambodia
GU131922,DENV-1,7/31/08,2008,Cambodia
GQ868632,DENV-1,7/31/08,2008,Cambodia
GQ868633,DENV-1,7/31/08,2008,Cambodia
GQ868635,DENV-1,7/31/08,2008,Cambodia
GQ868636,DENV-1,7/31/08,2008,Cambodia
GU131895,DENV-1,7/31/09,2009,Cambodia
MW265668,DENV-1,5/23/11,2011,Cambodia
MW265669,DENV-1,2/6/11,2011,Cambodia
MW265671,DENV-1,4/29/12,2012,Cambodia
MW265670,DENV-1,1/19/12,2012,Cambodia
MW265672,DENV-1,1/28/13,2013,Cambodia
MW265676,DENV-1,11/25/14,2014,Cambodia
MW265675,DENV-1,8/7/14,2014,Cambodia
MW265674,DENV-1,6/25/14,2014,Cambodia
MW265673,DENV-1,5/22/14,2014,Cambodia
MW265679,DENV-1,10/6/15,2015,Cambodia
MW265678,DENV-1,9/28/15,2015,Cambodia
MW265677,DENV-1,6/19/15,2015,Cambodia
MW265666,DENV-1,8/22/16,2016,Cambodia
MW265665,DENV-1,8/7/16,2016,Cambodia
MW265664,DENV-1,4/6/16,2016,Cambodia
MW265667,DENV-1,2/9/16,2016,Cambodia
OM281569,DENV-1,12/15/18,2018,Cambodia
OM281574,DENV-1,12/15/18,2018,Cambodia
OQ678244,DENV-1,8/21/18,2018,Cambodia
OQ678099,DENV-1,12/26/19,2019,Cambodia
OQ678252,DENV-1,12/20/19,2019,Cambodia
OQ678061,DENV-1,12/17/19,2019,Cambodia
OM281575,DENV-1,12/15/19,2019,Cambodia
OM281576,DENV-1,12/15/19,2019,Cambodia
OM281577,DENV-1,12/15/19,2019,Cambodia
OM281578,DENV-1,12/15/19,2019,Cambodia
OM281579,DENV-1,12/15/19,2019,Cambodia
OM281580,DENV-1,12/15/19,2019,Cambodia
OM281581,DENV-1,12/15/19,2019,Cambodia
OM281582,DENV-1,12/15/19,2019,Cambodia
OM281583,DENV-1,12/15/19,2019,Cambodia
OM281584,DENV-1,12/15/19,2019,Cambodia
OM281587,DENV-1,12/15/19,2019,Cambodia
OM281588,DENV-1,12/15/19,2019,Cambodia
OM281590,DENV-1,12/15/19,2019,Cambodia
OM281591,DENV-1,12/15/19,2019,Cambodia
OM281592,DENV-1,12/15/19,2019,Cambodia
OQ678060,DENV-1,11/26/19,2019,Cambodia
OQ683856,DENV-1,11/8/19,2019,Cambodia
OM033409,DENV-1,9/15/19,2019,Cambodia
OQ678009,DENV-1,8/27/19,2019,Cambodia
OL411498,DENV-1,8/15/19,2019,Cambodia
OL412140,DENV-1,8/15/19,2019,Cambodia
OK159935,DENV-1,8/15/19,2019,Cambodia
OK159946,DENV-1,8/15/19,2019,Cambodia
OK159947,DENV-1,8/15/19,2019,Cambodia
OK159948,DENV-1,8/15/19,2019,Cambodia
OK159949,DENV-1,8/15/19,2019,Cambodia
OK159950,DENV-1,8/15/19,2019,Cambodia
OK159951,DENV-1,8/15/19,2019,Cambodia
OK159952,DENV-1,8/15/19,2019,Cambodia
OK159953,DENV-1,8/15/19,2019,Cambodia
OK159954,DENV-1,8/15/19,2019,Cambodia
OK159955,DENV-1,8/15/19,2019,Cambodia
OK159962,DENV-1,8/15/19,2019,Cambodia
OK159964,DENV-1,8/15/19,2019,Cambodia
OK159970,DENV-1,8/15/19,2019,Cambodia
OK159971,DENV-1,8/15/19,2019,Cambodia
OK159972,DENV-1,8/15/19,2019,Cambodia
OK159973,DENV-1,8/15/19,2019,Cambodia
OK159974,DENV-1,8/15/19,2019,Cambodia
OQ821330,DENV-1,7/17/19,2019,Cambodia
PP234958,DENV-1,7/1/19,2019,Cambodia
OL411496,DENV-1,7/15/19,2019,Cambodia
OL411499,DENV-1,7/15/19,2019,Cambodia
OL412678,DENV-1,7/15/19,2019,Cambodia
OL412703,DENV-1,7/15/19,2019,Cambodia
OK159936,DENV-1,7/15/19,2019,Cambodia
OK159937,DENV-1,7/15/19,2019,Cambodia
OK159938,DENV-1,7/15/19,2019,Cambodia
OK159939,DENV-1,7/15/19,2019,Cambodia
OK159940,DENV-1,7/15/19,2019,Cambodia
OK159956,DENV-1,7/15/19,2019,Cambodia
OK159957,DENV-1,7/15/19,2019,Cambodia
OK159958,DENV-1,7/15/19,2019,Cambodia
OK159959,DENV-1,7/15/19,2019,Cambodia
OK159963,DENV-1,7/15/19,2019,Cambodia
OK159966,DENV-1,7/15/19,2019,Cambodia
OK159967,DENV-1,7/15/19,2019,Cambodia
OK159969,DENV-1,7/15/19,2019,Cambodia
OK159975,DENV-1,7/15/19,2019,Cambodia
OK159976,DENV-1,7/15/19,2019,Cambodia
ON911333,DENV-1,6/13/19,2019,Cambodia
ON907577,DENV-1,6/13/19,2019,Cambodia
ON908219,DENV-1,6/13/19,2019,Cambodia
OK159941,DENV-1,6/15/19,2019,Cambodia
OK159942,DENV-1,6/15/19,2019,Cambodia
OK159965,DENV-1,6/15/19,2019,Cambodia
ON908218,DENV-1,5/24/19,2019,Cambodia
ON867003,DENV-1,5/24/19,2019,Cambodia
OK159943,DENV-1,5/15/19,2019,Cambodia
OK159945,DENV-1,5/15/19,2019,Cambodia
OK159944,DENV-1,4/15/19,2019,Cambodia
OK159968,DENV-1,3/15/19,2019,Cambodia
OQ683880,DENV-1,7/31/20,2020,Cambodia
OL411495,DENV-1,7/15/20,2020,Cambodia
OL411497,DENV-1,3/15/20,2020,Cambodia
OQ678018,DENV-1,2/16/20,2020,Cambodia
OK159960,DENV-1,2/15/20,2020,Cambodia
OK159961,DENV-1,2/15/20,2020,Cambodia
PP470673,DENV-1,5/30/21,2021,Cambodia
PP470671,DENV-1,5/29/21,2021,Cambodia
PP470672,DENV-1,5/29/21,2021,Cambodia
MZ857223,DENV-1,7/31/06,2006,Indonesia
KC762632,DENV-1,8/31/07,2007,Indonesia
KC762650,DENV-1,6/13/07,2007,Indonesia
KC762654,DENV-1,7/24/07,2007,Indonesia
KC762621,DENV-1,2/15/08,2008,Indonesia
KC762633,DENV-1,4/18/08,2008,Indonesia
KC762653,DENV-1,2/1/08,2008,Indonesia
KU509261,DENV-1,7/31/10,2010,Indonesia
KC762639,DENV-1,4/6/10,2010,Indonesia
KC762647,DENV-1,3/3/10,2010,Indonesia
KY057366,DENV-1,7/31/12,2012,Indonesia
KY057367,DENV-1,7/31/12,2012,Indonesia
KY057371,DENV-1,7/31/12,2012,Indonesia
KT831765,DENV-1,9/15/14,2014,Indonesia
MH823207,DENV-1,7/31/15,2015,Indonesia
KY849705,DENV-1,9/11/08,2008,Laos
KC172834,DENV-1,10/6/08,2008,Laos
KC172835,DENV-1,12/24/08,2008,Laos
KY849717,DENV-1,10/23/09,2009,Laos
KY849728,DENV-1,12/4/09,2009,Laos
KY849742,DENV-1,7/18/09,2009,Laos
KY849733,DENV-1,8/23/10,2010,Laos
KY849739,DENV-1,10/19/10,2010,Laos
KY849751,DENV-1,10/6/10,2010,Laos
KY849704,DENV-1,7/2/11,2011,Laos
MG877552,DENV-1,7/31/12,2012,Laos
JN697056,DENV-1,1/1/05,2005,Malaysia
JN697057,DENV-1,1/11/05,2005,Malaysia
JN697058,DENV-1,1/12/05,2005,Malaysia
MH048670,DENV-1,12/15/14,2014,Malaysia
KX452056,DENV-1,1/15/14,2014,Malaysia
KX452064,DENV-1,1/15/14,2014,Malaysia
OP895913,DENV-1,1/15/17,2017,Malaysia
JF459993,DENV-1,7/31/02,2002,Myanmar
OR389011,DENV-1,7/31/05,2005,Myanmar
MW945856,DENV-1,7/31/05,2005,Myanmar
MW793678,DENV-1,7/15/17,2017,Myanmar
MW793707,DENV-1,6/15/17,2017,Myanmar
MW793708,DENV-1,7/15/17,2017,Myanmar
MW793694,DENV-1,7/15/18,2018,Myanmar
MW793699,DENV-1,12/15/18,2018,Myanmar
MW793709,DENV-1,7/15/18,2018,Myanmar
OP121154,DENV-1,7/15/19,2019,Myanmar
ON908214,DENV-1,11/16/19,2019,Myanmar
MW793686,DENV-1,8/15/19,2019,Myanmar
OP984871,DENV-1,8/12/22,2022,Myanmar
GQ868602,DENV-1,7/31/04,2004,Philippines
MT832036,DENV-1,7/31/12,2012,Philippines
MT832049,DENV-1,7/31/12,2012,Philippines
MT832051,DENV-1,7/31/12,2012,Philippines
MT832032,DENV-1,7/31/13,2013,Philippines
MT832043,DENV-1,7/31/13,2013,Philippines
MT832048,DENV-1,7/31/13,2013,Philippines
MT832033,DENV-1,7/31/15,2015,Philippines
MT832034,DENV-1,7/31/15,2015,Philippines
LC128301,DENV-1,1/15/16,2016,Philippines
PP234941,DENV-1,7/1/18,2018,Philippines
PP234951,DENV-1,7/1/18,2018,Philippines
PP234959,DENV-1,7/1/18,2018,Philippines
PP234952,DENV-1,7/1/19,2019,Philippines
OM281589,DENV-1,12/15/19,2019,Philippines
OM281597,DENV-1,12/15/19,2019,Philippines
OM281599,DENV-1,12/15/20,2020,Philippines
FJ469907,DENV-1,7/31/03,2003,Singapore
FJ469908,DENV-1,7/31/03,2003,Singapore
FJ469909,DENV-1,7/31/03,2003,Singapore
EU081236,DENV-1,7/31/05,2005,Singapore
EU081245,DENV-1,7/31/05,2005,Singapore
EU081278,DENV-1,7/31/05,2005,Singapore
EU081280,DENV-1,7/31/06,2006,Singapore
EU081281,DENV-1,7/31/06,2006,Singapore
GQ357692,DENV-1,7/31/08,2008,Singapore
GU370048,DENV-1,2/15/08,2008,Singapore
GU370049,DENV-1,9/15/08,2008,Singapore
JF960211,DENV-1,7/31/09,2009,Singapore
OP410985,DENV-1,3/15/10,2010,Singapore
MF033196,DENV-1,10/15/11,2011,Singapore
JN544410,DENV-1,4/15/11,2011,Singapore
JN544411,DENV-1,1/15/11,2011,Singapore
MF033197,DENV-1,3/15/12,2012,Singapore
MF033201,DENV-1,8/15/12,2012,Singapore
KX380800,DENV-1,7/31/12,2012,Singapore
KM403596,DENV-1,7/31/13,2013,Singapore
KM403615,DENV-1,7/31/13,2013,Singapore
KJ806946,DENV-1,7/31/13,2013,Singapore
MG097876,DENV-1,7/15/14,2014,Singapore
MF033222,DENV-1,7/15/14,2014,Singapore
MF033226,DENV-1,9/15/14,2014,Singapore
MF033234,DENV-1,2/15/15,2015,Singapore
MF033241,DENV-1,12/15/15,2015,Singapore
MF033242,DENV-1,7/15/15,2015,Singapore
MF033247,DENV-1,2/15/16,2016,Singapore
MF033257,DENV-1,8/15/16,2016,Singapore
MF314188,DENV-1,7/31/16,2016,Singapore
OP410988,DENV-1,5/15/19,2019,Singapore
MW946004,DENV-1,7/31/00,2000,Thailand
MW946029,DENV-1,7/31/00,2000,Thailand
MW946201,DENV-1,7/31/00,2000,Thailand
FJ850068,DENV-1,7/31/01,2001,Thailand
FJ687431,DENV-1,7/31/01,2001,Thailand
FJ687432,DENV-1,7/31/01,2001,Thailand
MW945986,DENV-1,7/31/02,2002,Thailand
MW946176,DENV-1,7/31/02,2002,Thailand
MW946204,DENV-1,7/31/02,2002,Thailand
ON046268,DENV-1,1/24/03,2003,Thailand
MW945955,DENV-1,7/31/03,2003,Thailand
MW946223,DENV-1,7/31/03,2003,Thailand
ON046270,DENV-1,10/16/04,2004,Thailand
MW945944,DENV-1,7/31/04,2004,Thailand
MW946237,DENV-1,7/31/04,2004,Thailand
MW945815,DENV-1,7/31/05,2005,Thailand
MW946031,DENV-1,7/31/05,2005,Thailand
MW362472,DENV-1,11/15/05,2005,Thailand
MW946130,DENV-1,7/31/06,2006,Thailand
MW946186,DENV-1,7/31/06,2006,Thailand
MW946248,DENV-1,7/31/06,2006,Thailand
MW945887,DENV-1,7/31/07,2007,Thailand
HM469966,DENV-1,7/27/07,2007,Thailand
HM469968,DENV-1,7/24/07,2007,Thailand
KU509257,DENV-1,7/31/08,2008,Thailand
KU509259,DENV-1,7/31/08,2008,Thailand
KU509262,DENV-1,7/31/08,2008,Thailand
ON038484,DENV-1,12/14/09,2009,Thailand
MN448597,DENV-1,11/11/09,2009,Thailand
MN448631,DENV-1,11/9/09,2009,Thailand
MW945963,DENV-1,7/31/10,2010,Thailand
MW946006,DENV-1,7/31/10,2010,Thailand
MN448636,DENV-1,8/10/10,2010,Thailand
MN448608,DENV-1,6/3/11,2011,Thailand
MN448654,DENV-1,6/27/11,2011,Thailand
MN448674,DENV-1,9/5/11,2011,Thailand
MW945817,DENV-1,7/31/12,2012,Thailand
MN448627,DENV-1,10/10/12,2012,Thailand
MN448685,DENV-1,6/26/12,2012,Thailand
MW945977,DENV-1,7/31/13,2013,Thailand
MW946118,DENV-1,7/31/13,2013,Thailand
MG877556,DENV-1,7/31/13,2013,Thailand
MW945945,DENV-1,7/31/14,2014,Thailand
MW946129,DENV-1,7/31/14,2014,Thailand
MW946252,DENV-1,7/31/14,2014,Thailand
LC652827,DENV-1,11/15/15,2015,Thailand
MT397276,DENV-1,11/15/15,2015,Thailand
MT397277,DENV-1,11/15/15,2015,Thailand
OP895914,DENV-1,2/15/17,2017,Thailand
LC410183,DENV-1,4/15/17,2017,Thailand
OM281572,DENV-1,12/15/18,2018,Thailand
PP234957,DENV-1,7/1/19,2019,Thailand
OM281593,DENV-1,12/15/19,2019,Thailand
OM281598,DENV-1,12/15/19,2019,Thailand
GQ199831,DENV-1,7/31/03,2003,Vietnam
FJ882566,DENV-1,7/31/03,2003,Vietnam
FJ882567,DENV-1,7/31/03,2003,Vietnam
GQ199833,DENV-1,7/31/04,2004,Vietnam
FJ882569,DENV-1,7/31/04,2004,Vietnam
GQ199834,DENV-1,7/31/05,2005,Vietnam
FJ898390,DENV-1,7/31/05,2005,Vietnam
FJ898393,DENV-1,7/31/05,2005,Vietnam
FJ882530,DENV-1,7/31/06,2006,Vietnam
FJ898399,DENV-1,7/31/06,2006,Vietnam
EU482807,DENV-1,7/31/06,2006,Vietnam
FJ432733,DENV-1,7/31/07,2007,Vietnam
FJ390386,DENV-1,7/31/07,2007,Vietnam
FJ182034,DENV-1,7/31/07,2007,Vietnam
GU131681,DENV-1,7/31/08,2008,Vietnam
GU131768,DENV-1,7/31/08,2008,Vietnam
GU131784,DENV-1,7/31/08,2008,Vietnam
PP269455,DENV-1,11/17/10,2010,Vietnam
PP269506,DENV-1,12/2/10,2010,Vietnam
PP269490,DENV-1,12/29/11,2011,Vietnam
PP269503,DENV-1,4/19/11,2011,Vietnam
PP269530,DENV-1,7/11/11,2011,Vietnam
PP269545,DENV-1,7/30/12,2012,Vietnam
PP269550,DENV-1,12/17/12,2012,Vietnam
PP269566,DENV-1,9/21/12,2012,Vietnam
PP269552,DENV-1,5/6/13,2013,Vietnam
PP269599,DENV-1,3/15/13,2013,Vietnam
PP269605,DENV-1,12/19/13,2013,Vietnam
PP269489,DENV-1,8/4/14,2014,Vietnam
PP269609,DENV-1,11/13/14,2014,Vietnam
PP269655,DENV-1,10/24/14,2014,Vietnam
PP269714,DENV-1,1/7/15,2015,Vietnam
PP269715,DENV-1,1/12/15,2015,Vietnam
PP269716,DENV-1,3/31/15,2015,Vietnam
PP269741,DENV-1,10/25/16,2016,Vietnam
PP269751,DENV-1,12/14/16,2016,Vietnam
OQ426647,DENV-1,12/7/16,2016,Vietnam
PP269762,DENV-1,2/27/17,2017,Vietnam
OQ426668,DENV-1,10/30/17,2017,Vietnam
MN912173,DENV-1,7/18/17,2017,Vietnam
OQ426568,DENV-1,11/19/18,2018,Vietnam
OQ426578,DENV-1,12/27/18,2018,Vietnam
OQ426731,DENV-1,11/15/18,2018,Vietnam
PP234953,DENV-1,7/1/19,2019,Vietnam
OQ426580,DENV-1,1/9/19,2019,Vietnam
OQ426636,DENV-1,2/25/19,2019,Vietnam
PP269702,DENV-1,9/9/20,2020,Vietnam
PP269703,DENV-1,11/9/20,2020,Vietnam
OQ832615,DENV-1,9/15/20,2020,Vietnam
ON845601,DENV-1,8/31/21,2021,Vietnam
PP269710,DENV-1,6/7/22,2022,Vietnam
PP269711,DENV-1,11/14/22,2022,Vietnam
PP269712,DENV-1,11/28/22,2022,Vietnam
EU179857,DENV-2,7/31/05,2005,Brunei
EU179858,DENV-2,7/31/05,2005,Brunei
EU179859,DENV-2,7/31/06,2006,Brunei
JF730044,DENV-2,7/31/01,2001,Cambodia
FJ639697,DENV-2,7/31/01,2001,Cambodia
KF921930,DENV-2,7/31/02,2002,Cambodia
FJ639698,DENV-2,7/31/02,2002,Cambodia
FJ639699,DENV-2,7/31/02,2002,Cambodia
FJ639700,DENV-2,7/31/02,2002,Cambodia
FJ639701,DENV-2,7/31/02,2002,Cambodia
KF921931,DENV-2,7/31/03,2003,Cambodia
GQ868620,DENV-2,7/31/03,2003,Cambodia
GQ868621,DENV-2,7/31/03,2003,Cambodia
GQ868622,DENV-2,7/31/03,2003,Cambodia
FJ639702,DENV-2,7/31/03,2003,Cambodia
FJ639703,DENV-2,7/31/03,2003,Cambodia
FJ639704,DENV-2,7/31/03,2003,Cambodia
FJ639705,DENV-2,7/31/03,2003,Cambodia
FJ639706,DENV-2,7/31/04,2004,Cambodia
FJ639707,DENV-2,7/31/04,2004,Cambodia
GQ868623,DENV-2,7/31/05,2005,Cambodia
FJ639708,DENV-2,7/31/05,2005,Cambodia
FJ639709,DENV-2,7/31/05,2005,Cambodia
FJ639710,DENV-2,7/31/05,2005,Cambodia
FJ639711,DENV-2,7/31/05,2005,Cambodia
JN368476,DENV-2,7/31/07,2007,Cambodia
GU131896,DENV-2,7/31/07,2007,Cambodia
GU131897,DENV-2,7/31/07,2007,Cambodia
GU131927,DENV-2,7/31/07,2007,Cambodia
GQ868624,DENV-2,7/31/07,2007,Cambodia
FJ639717,DENV-2,7/31/07,2007,Cambodia
KF955401,DENV-2,7/31/08,2008,Cambodia
KF955402,DENV-2,7/31/08,2008,Cambodia
JF730045,DENV-2,7/31/08,2008,Cambodia
JF730046,DENV-2,7/31/08,2008,Cambodia
JF730047,DENV-2,7/31/08,2008,Cambodia
JF730048,DENV-2,7/31/08,2008,Cambodia
GU131898,DENV-2,7/31/08,2008,Cambodia
GU131899,DENV-2,7/31/08,2008,Cambodia
GU131900,DENV-2,7/31/08,2008,Cambodia
GU131901,DENV-2,7/31/08,2008,Cambodia
GU131902,DENV-2,7/31/08,2008,Cambodia
GU131924,DENV-2,7/31/08,2008,Cambodia
GU131928,DENV-2,7/31/08,2008,Cambodia
GU131929,DENV-2,7/31/08,2008,Cambodia
GU131930,DENV-2,7/31/08,2008,Cambodia
GU131931,DENV-2,7/31/08,2008,Cambodia
GU131932,DENV-2,7/31/08,2008,Cambodia
GQ868625,DENV-2,7/31/08,2008,Cambodia
GQ868631,DENV-2,7/31/08,2008,Cambodia
GQ868638,DENV-2,7/31/08,2008,Cambodia
FJ639718,DENV-2,7/31/08,2008,Cambodia
OR389020,DENV-2,7/31/09,2009,Cambodia
ON853797,DENV-2,7/13/18,2018,Cambodia
OQ678059,DENV-2,10/31/19,2019,Cambodia
OQ678017,DENV-2,10/30/19,2019,Cambodia
OQ678012,DENV-2,9/13/19,2019,Cambodia
OQ674509,DENV-2,9/8/19,2019,Cambodia
OL414722,DENV-2,8/15/19,2019,Cambodia
OL414723,DENV-2,8/15/19,2019,Cambodia
OL414724,DENV-2,8/15/19,2019,Cambodia
OL414725,DENV-2,8/15/19,2019,Cambodia
OL414726,DENV-2,8/15/19,2019,Cambodia
OL414727,DENV-2,8/15/19,2019,Cambodia
OL414745,DENV-2,8/15/19,2019,Cambodia
OL414747,DENV-2,8/15/19,2019,Cambodia
OL414760,DENV-2,8/15/19,2019,Cambodia
OL414761,DENV-2,8/15/19,2019,Cambodia
OL414763,DENV-2,8/15/19,2019,Cambodia
ON908224,DENV-2,7/8/19,2019,Cambodia
ON887284,DENV-2,7/8/19,2019,Cambodia
OL414717,DENV-2,7/15/19,2019,Cambodia
OL414718,DENV-2,7/15/19,2019,Cambodia
OL414719,DENV-2,7/15/19,2019,Cambodia
OL414720,DENV-2,7/15/19,2019,Cambodia
OL414721,DENV-2,7/15/19,2019,Cambodia
OL414728,DENV-2,7/15/19,2019,Cambodia
OL414729,DENV-2,7/15/19,2019,Cambodia
OL414730,DENV-2,7/15/19,2019,Cambodia
OL414739,DENV-2,7/15/19,2019,Cambodia
OL414741,DENV-2,7/15/19,2019,Cambodia
OL414744,DENV-2,7/15/19,2019,Cambodia
OL414762,DENV-2,7/15/19,2019,Cambodia
OL420733,DENV-2,7/15/19,2019,Cambodia
OL412740,DENV-2,7/15/19,2019,Cambodia
OL414737,DENV-2,6/15/19,2019,Cambodia
OL414738,DENV-2,6/15/19,2019,Cambodia
OL414740,DENV-2,6/15/19,2019,Cambodia
OL414742,DENV-2,6/15/19,2019,Cambodia
OL414759,DENV-2,6/15/19,2019,Cambodia
ON908230,DENV-2,5/31/19,2019,Cambodia
ON890479,DENV-2,5/31/19,2019,Cambodia
OL414743,DENV-2,5/15/19,2019,Cambodia
OP895918,DENV-2,4/15/19,2019,Cambodia
OP999336,DENV-2,9/4/20,2020,Cambodia
OL414757,DENV-2,9/1/20,2020,Cambodia
OL414758,DENV-2,9/23/20,2020,Cambodia
OL435143,DENV-2,8/15/20,2020,Cambodia
OL414732,DENV-2,8/15/20,2020,Cambodia
OL414733,DENV-2,8/15/20,2020,Cambodia
OL414753,DENV-2,8/15/20,2020,Cambodia
OL414754,DENV-2,8/15/20,2020,Cambodia
OL414755,DENV-2,8/15/20,2020,Cambodia
OL414756,DENV-2,8/15/20,2020,Cambodia
OL414764,DENV-2,8/15/20,2020,Cambodia
OL414765,DENV-2,8/15/20,2020,Cambodia
OQ678102,DENV-2,7/30/20,2020,Cambodia
OL414750,DENV-2,7/15/20,2020,Cambodia
OL414751,DENV-2,7/15/20,2020,Cambodia
OL414752,DENV-2,7/15/20,2020,Cambodia
OQ678101,DENV-2,6/3/20,2020,Cambodia
OQ683881,DENV-2,6/2/20,2020,Cambodia
OL414734,DENV-2,6/15/20,2020,Cambodia
OL414735,DENV-2,6/15/20,2020,Cambodia
OL414736,DENV-2,6/15/20,2020,Cambodia
OL414746,DENV-2,6/15/20,2020,Cambodia
OL414749,DENV-2,6/15/20,2020,Cambodia
PP396279,DENV-2,12/16/21,2021,Cambodia
PP396280,DENV-2,11/29/21,2021,Cambodia
PP439580,DENV-2,10/12/21,2021,Cambodia
PP439575,DENV-2,9/24/21,2021,Cambodia
PP439574,DENV-2,8/31/21,2021,Cambodia
PP439579,DENV-2,7/7/21,2021,Cambodia
PP439578,DENV-2,6/24/21,2021,Cambodia
PP439577,DENV-2,6/12/21,2021,Cambodia
PP439576,DENV-2,5/19/21,2021,Cambodia
PP446694,DENV-2,10/10/22,2022,Cambodia
PP446693,DENV-2,10/6/22,2022,Cambodia
PP446692,DENV-2,9/5/22,2022,Cambodia
PP469534,DENV-2,8/24/22,2022,Cambodia
PP470602,DENV-2,8/15/22,2022,Cambodia
PP470603,DENV-2,8/4/22,2022,Cambodia
PP470601,DENV-2,7/23/22,2022,Cambodia
PP446691,DENV-2,7/22/22,2022,Cambodia
PP446690,DENV-2,7/18/22,2022,Cambodia
PP446689,DENV-2,7/15/22,2022,Cambodia
PP446688,DENV-2,7/7/22,2022,Cambodia
PP439582,DENV-2,7/7/22,2022,Cambodia
PP439581,DENV-2,7/6/22,2022,Cambodia
PP411257,DENV-2,7/5/22,2022,Cambodia
PP470600,DENV-2,7/1/22,2022,Cambodia
PP411256,DENV-2,7/1/22,2022,Cambodia
PP411255,DENV-2,6/29/22,2022,Cambodia
PP411254,DENV-2,6/27/22,2022,Cambodia
PP411253,DENV-2,6/23/22,2022,Cambodia
PP411252,DENV-2,6/20/22,2022,Cambodia
PP411251,DENV-2,6/16/22,2022,Cambodia
PP470598,DENV-2,6/10/22,2022,Cambodia
PP411249,DENV-2,6/10/22,2022,Cambodia
PP411250,DENV-2,6/10/22,2022,Cambodia
PP411230,DENV-2,6/7/22,2022,Cambodia
PP411231,DENV-2,6/7/22,2022,Cambodia
PP411232,DENV-2,6/7/22,2022,Cambodia
PP411233,DENV-2,6/7/22,2022,Cambodia
PP411234,DENV-2,6/7/22,2022,Cambodia
PP411235,DENV-2,6/7/22,2022,Cambodia
PP470599,DENV-2,6/2/22,2022,Cambodia
PP411227,DENV-2,6/1/22,2022,Cambodia
PP411228,DENV-2,6/1/22,2022,Cambodia
PP411229,DENV-2,6/1/22,2022,Cambodia
PP469533,DENV-2,5/30/22,2022,Cambodia
PP406454,DENV-2,5/30/22,2022,Cambodia
PP406455,DENV-2,5/30/22,2022,Cambodia
PP406452,DENV-2,5/26/22,2022,Cambodia
PP406453,DENV-2,5/26/22,2022,Cambodia
PP406447,DENV-2,5/23/22,2022,Cambodia
PP406448,DENV-2,5/23/22,2022,Cambodia
PP406449,DENV-2,5/23/22,2022,Cambodia
PP406450,DENV-2,5/23/22,2022,Cambodia
PP406451,DENV-2,5/23/22,2022,Cambodia
PP406376,DENV-2,5/18/22,2022,Cambodia
PP406375,DENV-2,5/17/22,2022,Cambodia
PP406374,DENV-2,4/20/22,2022,Cambodia
PP406372,DENV-2,4/6/22,2022,Cambodia
PP406373,DENV-2,4/6/22,2022,Cambodia
PP406371,DENV-2,2/23/22,2022,Cambodia
PP406370,DENV-2,2/22/22,2022,Cambodia
PP406369,DENV-2,2/16/22,2022,Cambodia
PP406368,DENV-2,1/18/22,2022,Cambodia
KC762658,DENV-2,8/14/07,2007,Indonesia
KC762661,DENV-2,9/24/07,2007,Indonesia
KC762676,DENV-2,7/17/07,2007,Indonesia
KC762657,DENV-2,4/23/08,2008,Indonesia
KC762659,DENV-2,4/15/08,2008,Indonesia
KC762666,DENV-2,2/15/08,2008,Indonesia
KU509268,DENV-2,7/31/09,2009,Indonesia
KC762678,DENV-2,3/4/10,2010,Indonesia
KC762679,DENV-2,3/29/10,2010,Indonesia
KC762680,DENV-2,4/5/10,2010,Indonesia
MH823208,DENV-2,7/31/14,2014,Indonesia
KU517846,DENV-2,5/7/14,2014,Indonesia
MK411558,DENV-2,2/20/16,2016,Indonesia
MK411559,DENV-2,2/23/16,2016,Indonesia
PP234966,DENV-2,7/1/18,2018,Indonesia
KY849752,DENV-2,9/7/08,2008,Laos
KY849759,DENV-2,12/6/08,2008,Laos
KY849754,DENV-2,6/23/09,2009,Laos
KY849758,DENV-2,10/14/09,2009,Laos
KY849765,DENV-2,11/6/09,2009,Laos
KY849755,DENV-2,6/29/10,2010,Laos
KY849766,DENV-2,4/29/10,2010,Laos
KY849768,DENV-2,8/13/10,2010,Laos
MW946345,DENV-2,7/31/08,2008,Malaysia
FJ467493,DENV-2,7/31/08,2008,Malaysia
OR389025,DENV-2,7/31/09,2009,Malaysia
OR389026,DENV-2,7/31/09,2009,Malaysia
KX452024,DENV-2,1/15/14,2014,Malaysia
KX452033,DENV-2,1/15/14,2014,Malaysia
KU666949,DENV-2,1/15/14,2014,Malaysia
KY923048,DENV-2,7/31/15,2015,Malaysia
OP895919,DENV-2,11/15/18,2018,Malaysia
OQ652965,DENV-2,9/15/18,2018,Myanmar
MW788981,DENV-2,9/15/18,2018,Myanmar
MW788982,DENV-2,8/15/18,2018,Myanmar
MW788983,DENV-2,9/15/19,2019,Myanmar
MW788985,DENV-2,9/15/19,2019,Myanmar
MW788987,DENV-2,6/15/19,2019,Myanmar
KF744400,DENV-2,7/31/00,2000,Philippines
KF744401,DENV-2,7/31/00,2000,Philippines
KF744402,DENV-2,7/31/00,2000,Philippines
KF744397,DENV-2,7/31/01,2001,Philippines
KF744398,DENV-2,7/31/05,2005,Philippines
KF744408,DENV-2,7/31/05,2005,Philippines
KU509275,DENV-2,7/31/08,2008,Philippines
KU509276,DENV-2,7/31/08,2008,Philippines
KU509269,DENV-2,7/31/09,2009,Philippines
KU509274,DENV-2,7/31/10,2010,Philippines
KU509277,DENV-2,7/31/10,2010,Philippines
MT832067,DENV-2,7/31/13,2013,Philippines
MT832073,DENV-2,7/31/13,2013,Philippines
MT832075,DENV-2,7/31/13,2013,Philippines
MT832053,DENV-2,7/31/14,2014,Philippines
MT832054,DENV-2,7/31/14,2014,Philippines
MT832060,DENV-2,7/31/14,2014,Philippines
MT832057,DENV-2,7/31/15,2015,Philippines
MT832058,DENV-2,7/31/15,2015,Philippines
KU517847,DENV-2,8/3/15,2015,Philippines
OQ821493,DENV-2,7/31/19,2019,Philippines
ON907581,DENV-2,7/2/19,2019,Philippines
ON885253,DENV-2,7/2/19,2019,Philippines
MW512341,DENV-2,7/31/04,2004,Singapore
JN851123,DENV-2,7/31/04,2004,Singapore
JN851127,DENV-2,7/31/04,2004,Singapore
JN851125,DENV-2,7/31/05,2005,Singapore
EU081177,DENV-2,7/31/05,2005,Singapore
EU081180,DENV-2,7/31/05,2005,Singapore
JN851113,DENV-2,7/31/06,2006,Singapore
JN851128,DENV-2,7/31/06,2006,Singapore
JN851129,DENV-2,7/31/06,2006,Singapore
MW512345,DENV-2,7/31/07,2007,Singapore
KM279603,DENV-2,7/31/07,2007,Singapore
JN851115,DENV-2,7/31/07,2007,Singapore
JN851118,DENV-2,7/31/08,2008,Singapore
JN851121,DENV-2,7/31/08,2008,Singapore
GQ398265,DENV-2,7/31/08,2008,Singapore
MW512354,DENV-2,7/31/09,2009,Singapore
MW512355,DENV-2,7/31/09,2009,Singapore
MW512356,DENV-2,7/31/09,2009,Singapore
MW512357,DENV-2,7/31/10,2010,Singapore
MW512359,DENV-2,7/31/10,2010,Singapore
KM279610,DENV-2,7/31/10,2010,Singapore
MW512367,DENV-2,7/31/11,2011,Singapore
KM279520,DENV-2,7/31/11,2011,Singapore
KM279583,DENV-2,7/31/11,2011,Singapore
MW512377,DENV-2,7/31/12,2012,Singapore
KX380812,DENV-2,7/31/12,2012,Singapore
KM279589,DENV-2,7/31/12,2012,Singapore
MW512391,DENV-2,7/31/13,2013,Singapore
KX380829,DENV-2,7/31/13,2013,Singapore
KX380838,DENV-2,7/31/13,2013,Singapore
MW512417,DENV-2,7/31/14,2014,Singapore
MW512418,DENV-2,7/31/14,2014,Singapore
MW512428,DENV-2,7/31/14,2014,Singapore
MW512440,DENV-2,7/31/15,2015,Singapore
MW512442,DENV-2,7/31/15,2015,Singapore
MW512445,DENV-2,7/31/15,2015,Singapore
MW512451,DENV-2,7/31/16,2016,Singapore
MW512452,DENV-2,7/31/16,2016,Singapore
MW512462,DENV-2,7/31/16,2016,Singapore
OP410991,DENV-2,10/15/17,2017,Singapore
MW512475,DENV-2,7/31/17,2017,Singapore
MW512478,DENV-2,7/31/17,2017,Singapore
MW512480,DENV-2,7/31/18,2018,Singapore
MW512481,DENV-2,7/31/18,2018,Singapore
MW512484,DENV-2,7/31/18,2018,Singapore
MW512490,DENV-2,7/31/19,2019,Singapore
MW512493,DENV-2,7/31/19,2019,Singapore
MW186240,DENV-2,10/15/19,2019,Singapore
OP909734,DENV-2,1/15/20,2020,Singapore
MW946307,DENV-2,7/31/00,2000,Thailand
MW946312,DENV-2,7/31/00,2000,Thailand
MW946341,DENV-2,7/31/00,2000,Thailand
FJ810411,DENV-2,7/31/01,2001,Thailand
FJ687447,DENV-2,7/31/01,2001,Thailand
FJ744711,DENV-2,7/31/01,2001,Thailand
MW946289,DENV-2,7/31/02,2002,Thailand
MW946535,DENV-2,7/31/02,2002,Thailand
MW946600,DENV-2,7/31/02,2002,Thailand
MW946388,DENV-2,7/31/03,2003,Thailand
MW946398,DENV-2,7/31/03,2003,Thailand
MW946466,DENV-2,7/31/03,2003,Thailand
MW946309,DENV-2,7/31/04,2004,Thailand
MW946329,DENV-2,7/31/04,2004,Thailand
MW946353,DENV-2,7/31/04,2004,Thailand
MW946255,DENV-2,7/31/05,2005,Thailand
MW946448,DENV-2,7/31/05,2005,Thailand
MW946517,DENV-2,7/31/05,2005,Thailand
MW946285,DENV-2,7/31/06,2006,Thailand
MW946370,DENV-2,7/31/06,2006,Thailand
MW946559,DENV-2,7/31/06,2006,Thailand
MW946406,DENV-2,7/31/07,2007,Thailand
MW946433,DENV-2,7/31/07,2007,Thailand
MK506264,DENV-2,6/15/07,2007,Thailand
MN448877,DENV-2,11/11/09,2009,Thailand
MN448905,DENV-2,11/30/09,2009,Thailand
MN448907,DENV-2,11/3/09,2009,Thailand
MN448796,DENV-2,12/13/10,2010,Thailand
MN448908,DENV-2,8/17/10,2010,Thailand
MN448925,DENV-2,10/5/10,2010,Thailand
MN448807,DENV-2,8/22/11,2011,Thailand
MN448808,DENV-2,5/3/11,2011,Thailand
MN448906,DENV-2,5/12/11,2011,Thailand
MW946577,DENV-2,7/31/12,2012,Thailand
MN448729,DENV-2,5/15/12,2012,Thailand
MN448738,DENV-2,5/1/12,2012,Thailand
MW946314,DENV-2,7/31/13,2013,Thailand
MW946323,DENV-2,7/31/13,2013,Thailand
MW946573,DENV-2,7/31/13,2013,Thailand
MW946359,DENV-2,7/31/14,2014,Thailand
MW946449,DENV-2,7/31/14,2014,Thailand
MH888331,DENV-2,8/15/14,2014,Thailand
LC410185,DENV-2,11/15/16,2016,Thailand
LC410186,DENV-2,12/15/16,2016,Thailand
LC410189,DENV-2,10/15/16,2016,Thailand
LC410187,DENV-2,1/15/17,2017,Thailand
LC410188,DENV-2,2/15/17,2017,Thailand
LC410191,DENV-2,2/15/17,2017,Thailand
PP234935,DENV-2,7/1/18,2018,Thailand
PP234930,DENV-2,7/1/19,2019,Thailand
PP234933,DENV-2,7/1/19,2019,Thailand
MZ636802,DENV-2,11/24/19,2019,Thailand
FM210224,DENV-2,7/31/01,2001,Vietnam
FM210225,DENV-2,7/31/01,2001,Vietnam
FM210238,DENV-2,7/31/01,2001,Vietnam
AB479041,DENV-2,7/31/02,2002,Vietnam
AB479042,DENV-2,7/31/02,2002,Vietnam
FM210227,DENV-2,7/31/02,2002,Vietnam
OR389030,DENV-2,7/31/03,2003,Vietnam
FM210212,DENV-2,7/31/03,2003,Vietnam
EU482787,DENV-2,7/31/03,2003,Vietnam
FM210233,DENV-2,7/31/04,2004,Vietnam
FM210240,DENV-2,7/31/04,2004,Vietnam
EU482774,DENV-2,7/31/04,2004,Vietnam
FM210245,DENV-2,7/31/05,2005,Vietnam
EU482776,DENV-2,7/31/05,2005,Vietnam
EU482777,DENV-2,7/31/05,2005,Vietnam
EU482445,DENV-2,7/31/06,2006,Vietnam
EU482450,DENV-2,7/31/06,2006,Vietnam
EU482658,DENV-2,7/31/06,2006,Vietnam
FJ859028,DENV-2,7/31/07,2007,Vietnam
EU687249,DENV-2,7/31/07,2007,Vietnam
EU482702,DENV-2,7/31/07,2007,Vietnam
FJ410215,DENV-2,7/31/08,2008,Vietnam
FJ410233,DENV-2,7/31/08,2008,Vietnam
FJ410237,DENV-2,7/31/08,2008,Vietnam
PP269822,DENV-2,8/24/11,2011,Vietnam
PP269846,DENV-2,10/31/11,2011,Vietnam
PP269847,DENV-2,11/8/11,2011,Vietnam
PP269823,DENV-2,5/16/12,2012,Vietnam
PP269827,DENV-2,5/24/12,2012,Vietnam
PP269833,DENV-2,11/20/12,2012,Vietnam
PP269851,DENV-2,3/28/13,2013,Vietnam
PP269860,DENV-2,7/17/13,2013,Vietnam
PP269867,DENV-2,10/11/13,2013,Vietnam
PP269856,DENV-2,11/3/14,2014,Vietnam
PP269858,DENV-2,11/7/14,2014,Vietnam
PP269859,DENV-2,11/30/14,2014,Vietnam
PP269836,DENV-2,8/26/15,2015,Vietnam
PP269923,DENV-2,11/23/15,2015,Vietnam
PP269924,DENV-2,12/1/15,2015,Vietnam
PP269925,DENV-2,10/25/16,2016,Vietnam
PP269926,DENV-2,12/9/16,2016,Vietnam
PP269927,DENV-2,12/22/16,2016,Vietnam
PP269930,DENV-2,4/12/17,2017,Vietnam
PP269931,DENV-2,4/13/17,2017,Vietnam
PP269935,DENV-2,8/25/17,2017,Vietnam
OQ426779,DENV-2,12/10/18,2018,Vietnam
OQ426801,DENV-2,9/18/18,2018,Vietnam
OQ426940,DENV-2,10/29/18,2018,Vietnam
OQ426897,DENV-2,3/6/19,2019,Vietnam
OQ426905,DENV-2,4/18/19,2019,Vietnam
OQ028220,DENV-2,8/14/19,2019,Vietnam
OQ832627,DENV-2,9/15/20,2020,Vietnam
OQ028219,DENV-2,1/15/20,2020,Vietnam
OQ028232,DENV-2,3/2/20,2020,Vietnam
PP269903,DENV-2,6/21/22,2022,Vietnam
PP269909,DENV-2,12/1/22,2022,Vietnam
PP269913,DENV-2,6/8/22,2022,Vietnam